url,tittle
https://ampdemo.azureedge.net/azuremediaplayer.html?url=%2F%2Famssamples.streaming.mediaservices.windows.net%2F49b57c87-f5f3-48b3-ba22-c55cfdffa9cb%2FSintel.ism%2Fmanifest&muted=true&aes=true,Microsoft
https://ampdemo.azureedge.net/azuremediaplayer.html?url=%2F%2Famssamples.streaming.mediaservices.windows.net%2F49b57c87-f5f3-48b3-ba22-c55cfdffa9cb%2FSintel.ism%2Fmanifest&muted=true&aes=true,Microsoft
https://ampdemo.azureedge.net/azuremediaplayer.html?url=%2F%2Famssamples.streaming.mediaservices.windows.net%2F49b57c87-f5f3-48b3-ba22-c55cfdffa9cb%2FSintel.ism%2Fmanifest&muted=true&aes=true,Microsoft
https://ampdemo.azureedge.net/azuremediaplayer.html?url=%2F%2Famssamples.streaming.mediaservices.windows.net%2F49b57c87-f5f3-48b3-ba22-c55cfdffa9cb%2FSintel.ism%2Fmanifest&muted=true&aes=true,Microsoft
https://ampdemo.azureedge.net/azuremediaplayer.html?url=%2F%2Famssamples.streaming.mediaservices.windows.net%2F49b57c87-f5f3-48b3-ba22-c55cfdffa9cb%2FSintel.ism%2Fmanifest&muted=true&aes=true,Microsoft
https://ampdemo.azureedge.net/azuremediaplayer.html?url=%2F%2Famssamples.streaming.mediaservices.windows.net%2F49b57c87-f5f3-48b3-ba22-c55cfdffa9cb%2FSintel.ism%2Fmanifest&muted=true&aes=true,Microsoft
https://ampdemo.azureedge.net/azuremediaplayer.html?url=%2F%2Famssamples.streaming.mediaservices.windows.net%2F49b57c87-f5f3-48b3-ba22-c55cfdffa9cb%2FSintel.ism%2Fmanifest&muted=true&aes=true,Microsoft
https://ampdemo.azureedge.net/azuremediaplayer.html?url=%2F%2Famssamples.streaming.mediaservices.windows.net%2F49b57c87-f5f3-48b3-ba22-c55cfdffa9cb%2FSintel.ism%2Fmanifest&muted=true&aes=true,Microsoft
https://ampdemo.azureedge.net/azuremediaplayer.html?url=%2F%2Famssamples.streaming.mediaservices.windows.net%2F49b57c87-f5f3-48b3-ba22-c55cfdffa9cb%2FSintel.ism%2Fmanifest&muted=true&aes=true,Microsoft
https://ampdemo.azureedge.net/azuremediaplayer.html?url=%2F%2Famssamples.streaming.mediaservices.windows.net%2F49b57c87-f5f3-48b3-ba22-c55cfdffa9cb%2FSintel.ism%2Fmanifest&muted=true&aes=true,Microsoft
https://ampdemo.azureedge.net/azuremediaplayer.html?url=%2F%2Famssamples.streaming.mediaservices.windows.net%2F49b57c87-f5f3-48b3-ba22-c55cfdffa9cb%2FSintel.ism%2Fmanifest&muted=true&aes=true,Microsoft
https://ampdemo.azureedge.net/azuremediaplayer.html?url=%2F%2Famssamples.streaming.mediaservices.windows.net%2F49b57c87-f5f3-48b3-ba22-c55cfdffa9cb%2FSintel.ism%2Fmanifest&muted=true&aes=true,Microsoft
https://ampdemo.azureedge.net/azuremediaplayer.html?url=%2F%2Famssamples.streaming.mediaservices.windows.net%2F49b57c87-f5f3-48b3-ba22-c55cfdffa9cb%2FSintel.ism%2Fmanifest&muted=true&aes=true,Microsoft
https://ampdemo.azureedge.net/azuremediaplayer.html?url=%2F%2Famssamples.streaming.mediaservices.windows.net%2F49b57c87-f5f3-48b3-ba22-c55cfdffa9cb%2FSintel.ism%2Fmanifest&muted=true&aes=true,Microsoft
https://ampdemo.azureedge.net/azuremediaplayer.html?url=%2F%2Famssamples.streaming.mediaservices.windows.net%2F49b57c87-f5f3-48b3-ba22-c55cfdffa9cb%2FSintel.ism%2Fmanifest&muted=true&aes=true,Microsoft
https://ampdemo.azureedge.net/azuremediaplayer.html?url=%2F%2Famssamples.streaming.mediaservices.windows.net%2F49b57c87-f5f3-48b3-ba22-c55cfdffa9cb%2FSintel.ism%2Fmanifest&muted=true&aes=true,Microsoft
https://ampdemo.azureedge.net/azuremediaplayer.html?url=%2F%2Famssamples.streaming.mediaservices.windows.net%2F49b57c87-f5f3-48b3-ba22-c55cfdffa9cb%2FSintel.ism%2Fmanifest&muted=true&aes=true,Microsoft
https://ampdemo.azureedge.net/azuremediaplayer.html?url=%2F%2Famssamples.streaming.mediaservices.windows.net%2F49b57c87-f5f3-48b3-ba22-c55cfdffa9cb%2FSintel.ism%2Fmanifest&muted=true&aes=true,Microsoft
https://ampdemo.azureedge.net/azuremediaplayer.html?url=%2F%2Famssamples.streaming.mediaservices.windows.net%2F49b57c87-f5f3-48b3-ba22-c55cfdffa9cb%2FSintel.ism%2Fmanifest&muted=true&aes=true,Microsoft
https://ampdemo.azureedge.net/azuremediaplayer.html?url=%2F%2Famssamples.streaming.mediaservices.windows.net%2F49b57c87-f5f3-48b3-ba22-c55cfdffa9cb%2FSintel.ism%2Fmanifest&muted=true&aes=true,Microsoft
https://ampdemo.azureedge.net/azuremediaplayer.html?url=%2F%2Famssamples.streaming.mediaservices.windows.net%2F49b57c87-f5f3-48b3-ba22-c55cfdffa9cb%2FSintel.ism%2Fmanifest&muted=true&aes=true,Microsoft
https://ampdemo.azureedge.net/azuremediaplayer.html?url=%2F%2Famssamples.streaming.mediaservices.windows.net%2F49b57c87-f5f3-48b3-ba22-c55cfdffa9cb%2FSintel.ism%2Fmanifest&muted=true&aes=true,Microsoft
https://ampdemo.azureedge.net/azuremediaplayer.html?url=%2F%2Famssamples.streaming.mediaservices.windows.net%2F49b57c87-f5f3-48b3-ba22-c55cfdffa9cb%2FSintel.ism%2Fmanifest&muted=true&aes=true,Microsoft
https://ampdemo.azureedge.net/azuremediaplayer.html?url=%2F%2Famssamples.streaming.mediaservices.windows.net%2F49b57c87-f5f3-48b3-ba22-c55cfdffa9cb%2FSintel.ism%2Fmanifest&muted=true&aes=true,Microsoft
https://ampdemo.azureedge.net/azuremediaplayer.html?url=%2F%2Famssamples.streaming.mediaservices.windows.net%2F49b57c87-f5f3-48b3-ba22-c55cfdffa9cb%2FSintel.ism%2Fmanifest&muted=true&aes=true,Microsoft
https://ampdemo.azureedge.net/azuremediaplayer.html?url=%2F%2Famssamples.streaming.mediaservices.windows.net%2F49b57c87-f5f3-48b3-ba22-c55cfdffa9cb%2FSintel.ism%2Fmanifest&muted=true&aes=true,Microsoft
https://ampdemo.azureedge.net/azuremediaplayer.html?url=%2F%2Famssamples.streaming.mediaservices.windows.net%2F49b57c87-f5f3-48b3-ba22-c55cfdffa9cb%2FSintel.ism%2Fmanifest&muted=true&aes=true,Microsoft
https://ampdemo.azureedge.net/azuremediaplayer.html?url=%2F%2Famssamples.streaming.mediaservices.windows.net%2F49b57c87-f5f3-48b3-ba22-c55cfdffa9cb%2FSintel.ism%2Fmanifest&muted=true&aes=true,Microsoft
https://ampdemo.azureedge.net/azuremediaplayer.html?url=%2F%2Famssamples.streaming.mediaservices.windows.net%2F49b57c87-f5f3-48b3-ba22-c55cfdffa9cb%2FSintel.ism%2Fmanifest&muted=true&aes=true,Microsoft
https://ampdemo.azureedge.net/azuremediaplayer.html?url=%2F%2Famssamples.streaming.mediaservices.windows.net%2F49b57c87-f5f3-48b3-ba22-c55cfdffa9cb%2FSintel.ism%2Fmanifest&muted=true&aes=true,Microsoft
https://ampdemo.azureedge.net/azuremediaplayer.html?url=%2F%2Famssamples.streaming.mediaservices.windows.net%2F49b57c87-f5f3-48b3-ba22-c55cfdffa9cb%2FSintel.ism%2Fmanifest&muted=true&aes=true,Microsoft
https://ampdemo.azureedge.net/azuremediaplayer.html?url=%2F%2Famssamples.streaming.mediaservices.windows.net%2F49b57c87-f5f3-48b3-ba22-c55cfdffa9cb%2FSintel.ism%2Fmanifest&muted=true&aes=true,Microsoft
https://ampdemo.azureedge.net/azuremediaplayer.html?url=%2F%2Famssamples.streaming.mediaservices.windows.net%2F49b57c87-f5f3-48b3-ba22-c55cfdffa9cb%2FSintel.ism%2Fmanifest&muted=true&aes=true,Microsoft
https://ampdemo.azureedge.net/azuremediaplayer.html?url=%2F%2Famssamples.streaming.mediaservices.windows.net%2F49b57c87-f5f3-48b3-ba22-c55cfdffa9cb%2FSintel.ism%2Fmanifest&muted=true&aes=true,Microsoft
https://ampdemo.azureedge.net/azuremediaplayer.html?url=%2F%2Famssamples.streaming.mediaservices.windows.net%2F49b57c87-f5f3-48b3-ba22-c55cfdffa9cb%2FSintel.ism%2Fmanifest&muted=true&aes=true,Microsoft
https://ampdemo.azureedge.net/azuremediaplayer.html?url=%2F%2Famssamples.streaming.mediaservices.windows.net%2F49b57c87-f5f3-48b3-ba22-c55cfdffa9cb%2FSintel.ism%2Fmanifest&muted=true&aes=true,Microsoft
https://ampdemo.azureedge.net/azuremediaplayer.html?url=%2F%2Famssamples.streaming.mediaservices.windows.net%2F49b57c87-f5f3-48b3-ba22-c55cfdffa9cb%2FSintel.ism%2Fmanifest&muted=true&aes=true,Microsoft
https://ampdemo.azureedge.net/azuremediaplayer.html?url=%2F%2Famssamples.streaming.mediaservices.windows.net%2F49b57c87-f5f3-48b3-ba22-c55cfdffa9cb%2FSintel.ism%2Fmanifest&muted=true&aes=true,Microsoft
https://ampdemo.azureedge.net/azuremediaplayer.html?url=%2F%2Famssamples.streaming.mediaservices.windows.net%2F49b57c87-f5f3-48b3-ba22-c55cfdffa9cb%2FSintel.ism%2Fmanifest&muted=true&aes=true,Microsoft
https://ampdemo.azureedge.net/azuremediaplayer.html?url=%2F%2Famssamples.streaming.mediaservices.windows.net%2F49b57c87-f5f3-48b3-ba22-c55cfdffa9cb%2FSintel.ism%2Fmanifest&muted=true&aes=true,Microsoft
https://ampdemo.azureedge.net/azuremediaplayer.html?url=%2F%2Famssamples.streaming.mediaservices.windows.net%2F49b57c87-f5f3-48b3-ba22-c55cfdffa9cb%2FSintel.ism%2Fmanifest&muted=true&aes=true,Microsoft
https://ampdemo.azureedge.net/azuremediaplayer.html?url=%2F%2Famssamples.streaming.mediaservices.windows.net%2F49b57c87-f5f3-48b3-ba22-c55cfdffa9cb%2FSintel.ism%2Fmanifest&muted=true&aes=true,Microsoft
https://ampdemo.azureedge.net/azuremediaplayer.html?url=%2F%2Famssamples.streaming.mediaservices.windows.net%2F49b57c87-f5f3-48b3-ba22-c55cfdffa9cb%2FSintel.ism%2Fmanifest&muted=true&aes=true,Microsoft
https://ampdemo.azureedge.net/azuremediaplayer.html?url=%2F%2Famssamples.streaming.mediaservices.windows.net%2F49b57c87-f5f3-48b3-ba22-c55cfdffa9cb%2FSintel.ism%2Fmanifest&muted=true&aes=true,Microsoft
https://ampdemo.azureedge.net/azuremediaplayer.html?url=%2F%2Famssamples.streaming.mediaservices.windows.net%2F49b57c87-f5f3-48b3-ba22-c55cfdffa9cb%2FSintel.ism%2Fmanifest&muted=true&aes=true,Microsoft
https://ampdemo.azureedge.net/azuremediaplayer.html?url=%2F%2Famssamples.streaming.mediaservices.windows.net%2F49b57c87-f5f3-48b3-ba22-c55cfdffa9cb%2FSintel.ism%2Fmanifest&muted=true&aes=true,Microsoft
https://ampdemo.azureedge.net/azuremediaplayer.html?url=%2F%2Famssamples.streaming.mediaservices.windows.net%2F49b57c87-f5f3-48b3-ba22-c55cfdffa9cb%2FSintel.ism%2Fmanifest&muted=true&aes=true,Microsoft
https://ampdemo.azureedge.net/azuremediaplayer.html?url=%2F%2Famssamples.streaming.mediaservices.windows.net%2F49b57c87-f5f3-48b3-ba22-c55cfdffa9cb%2FSintel.ism%2Fmanifest&muted=true&aes=true,Microsoft
https://ampdemo.azureedge.net/azuremediaplayer.html?url=%2F%2Famssamples.streaming.mediaservices.windows.net%2F49b57c87-f5f3-48b3-ba22-c55cfdffa9cb%2FSintel.ism%2Fmanifest&muted=true&aes=true,Microsoft
https://ampdemo.azureedge.net/azuremediaplayer.html?url=%2F%2Famssamples.streaming.mediaservices.windows.net%2F49b57c87-f5f3-48b3-ba22-c55cfdffa9cb%2FSintel.ism%2Fmanifest&muted=true&aes=true,Microsoft